trial,best_of_n
0,0.0978
1,-0.7981
2,0.0303
3,0.9893
4,1.2747
5,-0.4124
6,1.8051
7,-0.5028
8,-1.4181
9,1.6605
10,0.1317
11,-0.9507
12,-0.2023
13,-0.9559
14,2.6267
15,0.5015
16,-1.5234
17,-0.7353
18,4.1835
19,-0.3815
20,-0.5906
21,0.0383
22,0.4039
23,-1.0639
24,0.6264
25,-0.7574
26,1.7796
27,-0.0782
28,0.6432
29,0.3348
30,5.0934
31,-0.041
32,-1.7622
33,-0.4283
34,-0.2448
35,-0.8475
36,0.1338
37,0.8271
38,1.767
39,0.1428
40,1.5521
41,0.9893
42,-1.4402
43,-0.1648
44,0.0968
45,0.6189
46,0.5235
47,1.2235
48,0.0346
49,1.6605
50,-1.0963
51,0.3719
52,-0.6185
53,-0.2119
54,-0.8393
55,0.5886
56,1.4657
57,-0.0956
58,1.3296
59,-0.3896
60,1.6605
61,1.9049
62,-0.7721
63,-0.6926
64,-0.5744
65,2.4965
66,-0.5453
67,-0.2802
68,-0.5254
69,-0.1907
70,0.5182
71,-0.6475
72,1.0968
73,-0.0359
74,3.7674
75,-0.3603
76,0.3446
77,-0.8433
78,-0.8387
79,-0.0011
80,-0.4102
81,0.1896
82,-0.4621
83,-0.6781
84,-0.1657
85,-0.619
86,1.0968
87,0.9243
88,0.1515
89,4.7041
90,-1.3972
91,0.6342
92,2.4965
93,-0.6075
94,-0.0135
95,0.3746
96,0.0324
97,-0.1554
98,-0.1205
99,0.3746
100,-0.4696
101,0.4501
102,4.405
103,1.3175
104,1.5007
105,-0.3096
106,0.2428
107,2.2869
108,1.0834
109,-0.3089
110,-0.8699
111,0.7576
112,3.156
113,1.652
114,1.0693
115,0.7008
116,-0.1608
117,2.6267
118,0.3226
119,0.2691
120,0.544
121,-0.1182
122,-0.1373
123,-0.1022
124,0.1261
125,-0.3709
126,2.3302
127,-0.7292
128,0.2513
129,1.3021
130,0.544
131,2.5397
132,2.4965
133,1.257
134,-0.8419
135,0.4616
136,-0.5495
137,0.3746
138,-0.5871
139,3.7674
140,-0.7574
141,0.9893
142,0.995
143,2.5397
144,-0.5453
145,0.6891
146,0.167
147,0.4073
148,-0.3972
149,-0.9002
150,2.5414
151,2.9944
152,-0.8852
153,-0.4565
154,-0.3107
155,0.6476
156,-0.1025
157,0.9893
158,0.3108
159,-1.1091
160,1.2047
161,-0.0801
162,-0.1847
163,-0.1527
164,0.6806
165,-0.024
166,-0.1648
167,-2.0854
168,1.702
169,0.9757
170,0.638
171,-0.3709
172,-0.324
173,1.2034
174,-0.2921
175,0.3171
176,0.3715
177,0.7239
178,0.8695
179,-0.2925
180,-0.9249
181,4.1835
182,0.1577
183,-0.8825
184,0.923
185,0.2793
186,-0.6757
187,0.0655
188,1.0198
189,1.3369
190,-0.174
191,0.1659
192,-1.9589
193,-0.1469
194,0.8407
195,0.1577
196,1.702
197,-0.146
198,0.5419
199,-0.1025
200,0.2058
201,0.3443
202,0.2547
203,-0.722
204,-0.4397
205,-1.4282
206,2.5414
207,-1.1863
208,-0.3094
209,-0.7154
210,-1.3894
211,-0.8778
212,1.6326
213,-0.2038
214,0.3746
215,3.0651
216,-0.4582
217,0.7647
218,-0.8577
219,0.2492
220,-0.8534
221,1.9018
222,0.9962
223,0.7239
224,-0.6248
225,3.7674
226,0.9463
227,-0.8521
228,-0.0738
229,0.8661
230,-0.3654
231,-0.7079
232,2.2869
233,1.828
234,-1.3825
235,0.3488
236,-0.8467
237,0.0436
238,-0.3767
239,0.7647
240,0.4462
241,-0.3649
242,-0.276
243,0.3315
244,1.5521
245,0.1992
246,0.9103
247,0.1515
248,0.5182
249,2.3305
250,0.2921
251,0.9325
252,-0.2324
253,-1.0244
254,0.6891
255,-0.0923
256,-0.2892
257,-0.8227
258,-0.3757
259,0.4143
260,-1.4339
261,-0.3185
262,-0.2949
263,-0.2038
264,-0.4439
265,-0.9336
266,-0.4457
267,0.1896
268,-1.5271
269,0.9785
270,0.276
271,1.3296
272,2.7489
273,-0.2208
274,1.4881
275,1.3683
276,1.3558
277,1.7917
278,-1.2989
279,-1.2365
280,0.0677
281,0.2616
282,1.2235
283,1.6605
284,-0.7842
285,0.8131
286,1.1858
287,-1.0698
288,3.4283
289,1.767
290,-0.2023
291,0.1867
292,-0.1352
293,-0.2038
294,1.5018
295,-0.7145
296,-0.0393
297,-0.6454
298,-1.2179
299,3.6687
300,0.9683
301,0.4506
302,1.9462
303,0.638
304,0.8733
305,1.4158
306,1.9049
307,1.0938
308,0.9463
309,0.4616
310,-0.4686
311,0.7576
312,0.7055
313,0.6823
314,0.1446
315,0.185
316,-1.4274
317,2.3302
318,2.6041
319,0.0557
320,1.5572
321,-0.3586
322,1.3296
323,3.7321
324,-0.937
325,0.9809
326,0.9056
327,0.0383
328,-0.5578
329,-0.4504
330,0.2168
331,-0.5605
332,5.0329
333,0.3519
334,-0.402
335,1.2747
336,1.4158
337,1.1858
338,-1.244
339,-0.8743
340,0.2103
341,1.8801
342,-0.2438
343,0.0286
344,-0.0998
345,0.5015
346,0.2244
347,-0.1616
348,0.5235
349,0.3454
350,0.6264
351,-0.3912
352,0.4073
353,1.0693
354,-1.1647
355,2.0732
356,-0.2421
357,-0.468
358,-0.7862
359,0.6543
360,1.8051
361,-0.9888
362,1.9049
363,1.8051
364,2.0044
365,0.4027
366,2.0732
367,-0.3077
368,0.923
369,0.2365
370,4.002
371,0.0509
372,0.792
373,-0.9402
374,1.3369
375,-0.6006
376,0.9757
377,3.6687
378,0.7992
379,-0.5888
380,0.9894
381,1.9049
382,0.4027
383,1.6118
384,0.4882
385,-0.5788
386,1.3021
387,1.3507
388,-0.2
389,1.5018
390,1.3296
391,-0.7971
392,-0.2448
393,-1.4525
394,0.4027
395,1.257
396,0.6076
397,-0.3896
398,-0.0806
399,0.0569
400,-0.5593
401,0.4009
402,0.2076
403,-0.1472
404,2.9944
405,2.6041
406,0.9785
407,-0.5706
408,-0.525
409,-0.2478
410,-0.3709
411,-0.5944
412,0.7647
413,-0.0454
414,-0.9628
415,-0.5751
416,0.6823
417,0.3226
418,-1.0816
419,0.0927
420,0.2859
421,0.5419
422,2.0044
423,0.7647
424,0.5255
425,-0.1802
426,-2.2213
427,-0.5354
428,0.2859
429,-0.4333
430,2.6041
431,-0.7725
432,-0.0923
433,0.8407
434,4.405
435,0.3183
436,0.0223
437,0.1719
438,0.1743
439,0.8632
440,-0.9377
441,-2.194
442,-0.3211
443,-1.0715
444,0.3312
445,1.0693
446,0.0854
447,2.2869
448,1.3319
449,-0.4553
450,-0.468
451,-1.2774
452,0.3488
453,-0.8686
454,-0.5925
455,0.6823
456,-1.5047
457,-0.0393
458,0.7647
459,1.563
460,-0.0477
461,-0.1205
462,-0.6185
463,-0.2105
464,-0.5551
465,0.7647
466,0.1743
467,2.6267
468,2.2821
469,-0.4764
470,-0.7981
471,0.3745
472,-1.2586
473,1.3507
474,0.1399
475,-0.4816
476,1.7292
477,0.0927
478,0.679
479,0.0412
480,-0.2038
481,3.0651
482,-1.0759
483,0.3454
484,0.1596
485,-0.1802
486,0.4506
487,-0.016
488,1.1375
489,0.5775
490,-0.8699
491,0.4143
492,1.8051
493,-0.0973
494,4.7159
495,0.856
496,-0.7966
497,-0.2567
498,-0.4939
499,-0.244
500,-0.2753
501,0.1581
502,0.344
503,1.3296
504,-0.3421
505,-0.1205
506,1.9049
507,-0.6844
508,1.8336
509,1.6118
510,1.3296
511,3.156
512,-0.0839
513,0.792
514,1.3296
515,-0.5229
516,-0.2379
517,-0.2038
518,-0.0845
519,-1.1617
520,-0.3523
521,0.679
522,1.2747
523,17.14
524,2.0044
525,-0.1699
526,-0.684
527,0.459
528,-0.3896
529,0.6543
530,1.9872
531,0.4009
532,-0.174
533,-0.7004
534,1.3319
535,0.3662
536,-0.7012
537,1.1126
538,-0.3762
539,-0.4078
540,-0.1352
541,-0.2448
542,1.1756
543,-0.9007
544,-0.8433
545,0.4824
546,2.2869
547,-0.1952
548,2.0044
549,-0.6158
550,0.6417
551,-0.4764
552,0.3443
553,2.5414
554,1.6326
555,-0.1186
556,0.2163
557,-0.76
558,1.2047
559,0.1896
560,-0.1148
561,0.86
562,-0.4241
563,1.1917
564,0.2609
565,-0.1608
566,-0.2023
567,2.7489
568,1.3296
569,0.143
570,0.1399
571,-0.787
572,2.4589
573,0.2168
574,-0.1383
575,0.5117
576,0.3343
577,-0.3775
578,1.0807
579,-0.3076
580,-0.312
581,1.1858
582,-0.4319
583,-0.8701
584,1.5572
585,0.6891
586,1.5687
587,-1.5966
588,-0.179
589,-0.0817
590,-0.4541
591,2.6041
592,1.7292
593,-0.5091
594,0.1659
595,0.3443
596,0.8407
597,2.5397
598,1.4881
599,-0.8963
600,3.4227
601,0.029
602,-0.8011
603,-0.51
604,1.3296
605,2.5397
606,0.2076
607,-0.1623
608,0.5641
609,0.8661
610,1.4799
611,0.0111
612,-0.0817
613,1.767
614,0.1051
615,1.1384
616,-0.5508
617,-0.4697
618,0.9237
619,0.4894
620,0.4824
621,0.1577
622,1.042
623,3.4565
624,1.8051
625,1.5243
626,1.3296
627,1.6605
628,0.1896
629,0.0854
630,1.2034
631,0.1467
632,-0.9023
633,0.9688
634,-0.4747
635,-1.5073
636,0.7055
637,1.2047
638,0.0854
639,2.2869
640,-0.0359
641,-0.6232
642,-1.031
643,-1.587
644,-0.9899
645,0.1771
646,0.9778
647,0.7069
648,-0.1657
649,0.0631
650,1.56
651,-0.6446
652,-1.6602
653,0.6823
654,1.5018
655,-0.0359
656,-0.2478
657,4.0908
658,0.7992
659,1.3022
660,1.2747
661,0.4928
662,0.4182
663,0.9096
664,1.5572
665,-0.8501
666,-0.3361
667,-1.2813
668,-0.7343
669,1.3296
670,-0.2696
671,-0.2399
672,-0.2038
673,-0.0045
674,-0.1511
675,-0.1298
676,2.7489
677,-0.8629
678,0.9682
679,0.4501
680,1.0242
681,-0.4982
682,1.4799
683,0.2882
684,-0.1608
685,-0.0817
686,-1.3015
687,-0.8489
688,-0.8811
689,0.3965
690,-0.041
691,-0.4582
692,0.4882
693,-1.0507
694,0.204
695,0.1965
696,-0.8871
697,-0.507
698,-0.041
699,2.6041
700,-0.4399
701,1.3021
702,0.3226
703,-0.4816
704,-0.5751
705,0.0346
706,3.6687
707,0.2123
708,1.9312
709,1.1917
710,0.3965
711,-0.9131
712,-0.7759
713,0.2258
714,-0.2949
715,-0.3077
716,-1.0242
717,0.5182
718,0.3488
719,-0.1352
720,-1.3875
721,-1.1378
722,0.1661
723,0.4506
724,0.2326
725,1.8051
726,0.1965
727,-1.157
728,-0.1045
729,0.1596
730,-0.2448
731,0.0854
732,-0.6729
733,-0.4747
734,1.2574
735,-1.298
736,0.9237
737,0.7719
738,-0.6972
739,0.4824
740,-1.2266
741,0.6533
742,1.828
743,1.6118
744,-1.8386
745,1.4642
746,-0.8741
747,-0.0327
748,-0.7839
749,0.3348
750,1.3175
751,-0.2399
752,-1.0705
753,0.3965
754,0.7009
755,-0.3586
756,-1.0057
757,0.1502
758,1.6605
759,0.9463
760,2.5397
761,0.7009
762,5.0934
763,-0.3896
764,2.0732
765,0.0867
766,-0.061
767,-0.6256
768,0.1959
769,-0.2092
770,-0.9756
771,1.0564
772,-0.0782
773,-0.5397
774,2.5397
775,-0.5254
776,2.2825
777,-0.1352
778,-0.5966
779,0.1462
780,0.1661
781,-0.5028
782,3.6118
783,-0.1148
784,1.3716
785,-0.9651
786,2.7489
787,-0.2266
788,0.6543
789,-0.2379
790,1.3296
791,-0.7504
792,0.2882
793,2.6267
794,0.087
795,0.9688
796,-0.4292
797,-0.4933
798,1.8336
799,-0.2461
800,0.5182
801,0.1867
802,1.7841
803,-0.1058
804,0.4462
805,0.1122
806,-0.8847
807,0.3746
808,0.0248
809,-1.0814
810,-0.5
811,-0.0327
812,-0.1352
813,0.2326
814,-0.8393
815,0.1416
816,0.2547
817,0.8123
818,5.0329
819,0.7576
820,1.0648
821,0.4039
822,-0.5091
823,1.1385
824,-0.0566
825,-0.3523
826,0.0129
827,-0.2946
828,0.8733
829,1.3296
830,0.0538
831,0.6189
832,0.3597
833,0.856
834,-1.5259
835,-0.4687
836,-0.3361
837,2.6267
838,-0.4552
839,3.1804
840,0.9056
841,1.2843
842,0.9785
843,-0.3849
844,0.2353
845,-0.1469
846,1.3296
847,0.4824
848,1.6326
849,17.14
850,1.5012
851,-0.2324
852,0.2168
853,-0.262
854,-0.6052
855,-0.4319
856,0.1051
857,2.4589
858,0.0873
859,-1.3799
860,-0.9002
861,0.9103
862,1.5018
863,1.9478
864,0.1526
865,1.3296
866,1.652
867,0.3446
868,-0.4548
869,-0.9981
870,0.4894
871,-0.5354
872,3.6687
873,-0.8587
874,-1.2179
875,2.3216
876,-0.7892
877,0.0576
878,-0.4946
879,-0.2399
880,-0.6828
881,0.0248
882,0.4911
883,0.1577
884,0.0129
885,0.6076
886,2.0044
887,-0.1608
888,2.6041
889,0.943
890,2.5397
891,1.0693
892,-1.2124
893,1.1035
894,0.709
895,1.7917
896,-1.6289
897,-0.4982
898,-1.134
899,-0.7814
900,1.3296
901,0.9757
902,0.2152
903,-0.1608
904,-0.2421
905,0.0905
906,-0.5293
907,2.1828
908,1.9049
909,0.9683
910,-0.5197
911,0.679
912,-0.6062
913,0.3745
914,-1.3816
915,-0.5049
916,0.1729
917,-1.649
918,0.8661
919,-2.0301
920,-0.7635
921,-0.2743
922,-1.0057
923,0.0867
924,-0.1182
925,0.4908
926,1.8051
927,-0.8181
928,0.1251
929,-0.179
930,-0.0651
931,2.5397
932,-0.6307
933,-0.4764
934,-0.6416
935,0.4073
936,2.3305
937,2.2539
938,1.2843
939,-0.1608
940,0.1261
941,2.0732
942,1.1778
943,0.9905
944,0.1661
945,0.6543
946,-0.048
947,0.7601
948,1.4614
949,0.2244
950,-0.1186
951,1.3296
952,1.3022
953,-0.5821
954,1.3683
955,0.3719
956,1.7841
957,-0.765
958,-0.6258
959,0.2894
960,0.0509
961,-0.2737
962,0.8123
963,-0.5354
964,-0.4259
965,-0.1298
966,2.5414
967,-1.0269
968,-1.2878
969,0.3488
970,-0.044
971,0.8017
972,-0.2023
973,-0.5414
974,-0.0689
975,0.2428
976,1.5012
977,-0.3158
978,-0.9131
979,-0.5558
980,0.3965
981,2.0732
982,-0.5708
983,-0.1236
984,1.4588
985,-0.1352
986,0.8131
987,-0.4686
988,-0.3304
989,-1.6602
990,0.3183
991,-1.3816
992,-0.4346
993,-0.3748
994,-1.2406
995,0.5015
996,3.6118
997,-0.5152
998,1.7292
999,-0.4552
